year,w_m_ratio,ISO,country
1995,0.7281613724539282,ARG,Argentina
1996,0.7281613724539282,ARG,Argentina
1997,0.7463032985950997,ARG,Argentina
1998,0.7327989408090722,ARG,Argentina
1999,0.7601398706799101,ARG,Argentina
2000,0.7449766991466441,ARG,Argentina
2001,0.7467957713537281,ARG,Argentina
2002,0.6913232033389852,ARG,Argentina
2003,0.6827170855973259,ARG,Argentina
2004,0.6759614220572213,ARG,Argentina
2005,0.6924460242509649,ARG,Argentina
2006,0.7163761640004093,ARG,Argentina
2007,0.6816132231404959,ARG,Argentina
2008,0.7173642503855767,ARG,Argentina
2009,0.7692846707305345,ARG,Argentina
2010,0.7678441220304257,ARG,Argentina
2011,0.7678441220304257,ARG,Argentina
1995,0.5190358805806629,ARM,Armenia
1996,0.5190358805806629,ARM,Armenia
1997,0.5190358805806629,ARM,Armenia
1998,0.5190358805806629,ARM,Armenia
1999,0.5190358805806629,ARM,Armenia
2000,0.5190358805806629,ARM,Armenia
2001,0.4577695233041479,ARM,Armenia
2002,0.40685612274437905,ARM,Armenia
2003,0.42122373622845216,ARM,Armenia
2004,0.5344214013989447,ARM,Armenia
2005,0.5751195306254807,ARM,Armenia
2006,0.5922572741194487,ARM,Armenia
2007,0.600204541228487,ARM,Armenia
2008,0.5823422127462817,ARM,Armenia
2009,0.6084250384569874,ARM,Armenia
2010,0.640597321192398,ARM,Armenia
2011,0.640597321192398,ARM,Armenia
1995,0.6559325249062066,AUS,Australia
1996,0.6578121367123926,AUS,Australia
1997,0.6624003238748171,AUS,Australia
1998,0.6557061450793162,AUS,Australia
1999,0.6562634951756224,AUS,Australia
2000,0.6629677677483496,AUS,Australia
2001,0.6647776340084032,AUS,Australia
2002,0.6522560726522921,AUS,Australia
2003,0.6465545899225911,AUS,Australia
2004,0.6557215770587222,AUS,Australia
2005,0.653322347813581,AUS,Australia
2006,0.6506377750266371,AUS,Australia
2007,0.6510988522900899,AUS,Australia
2008,0.6497726904410572,AUS,Australia
2009,0.6488238725124301,AUS,Australia
2010,0.6484725691230153,AUS,Australia
2011,0.6463244434189077,AUS,Australia
1995,0.5996915367040387,AUT,Austria
1996,0.5996915367040387,AUT,Austria
1997,0.5996915367040387,AUT,Austria
1998,0.5913578548147129,AUT,Austria
1999,0.592954470763708,AUT,Austria
2000,0.587069219681583,AUT,Austria
2001,0.5952356709688719,AUT,Austria
2002,0.6009728643216081,AUT,Austria
2003,0.6026466706563568,AUT,Austria
2004,0.6023825710512538,AUT,Austria
2005,0.6047547950802458,AUT,Austria
2006,0.6026055021466205,AUT,Austria
2007,0.5986781558141601,AUT,Austria
2008,0.5997647399721275,AUT,Austria
2009,0.6130720976196614,AUT,Austria
2010,0.6171826620090802,AUT,Austria
2011,0.6171826620090802,AUT,Austria
1995,0.4444444444444444,AZE,Azerbaijan
1996,0.4444444444444444,AZE,Azerbaijan
1997,0.4444444444444444,AZE,Azerbaijan
1998,0.4444444444444444,AZE,Azerbaijan
1999,0.4444444444444444,AZE,Azerbaijan
2000,0.4576271186440678,AZE,Azerbaijan
2001,0.4166666666666667,AZE,Azerbaijan
2002,0.42857142857142855,AZE,Azerbaijan
2003,0.44660194174757284,AZE,Azerbaijan
2004,0.44274809160305345,AZE,Azerbaijan
2005,0.46296296296296297,AZE,Azerbaijan
2006,0.4739583333333333,AZE,Azerbaijan
2007,0.5054151624548736,AZE,Azerbaijan
2008,0.5683918669131238,AZE,Azerbaijan
2009,0.5683918669131238,AZE,Azerbaijan
2010,0.5484027105517909,AZE,Azerbaijan
2011,0.5484027105517909,AZE,Azerbaijan
1995,1.0355029585798816,BHR,Bahrain
1996,1.0355029585798816,BHR,Bahrain
1997,1.0355029585798816,BHR,Bahrain
1998,1.0355029585798816,BHR,Bahrain
1999,1.0355029585798816,BHR,Bahrain
2000,1.0355029585798816,BHR,Bahrain
2001,1.0355029585798816,BHR,Bahrain
2002,1.0355029585798816,BHR,Bahrain
2003,1.1637596899224807,BHR,Bahrain
2004,1.185475956820412,BHR,Bahrain
2005,1.2134268537074149,BHR,Bahrain
2006,1.185370741482966,BHR,Bahrain
2007,1.2619270346117868,BHR,Bahrain
2008,1.237851662404092,BHR,Bahrain
2009,1.1461342395921834,BHR,Bahrain
2010,1.1760450160771705,BHR,Bahrain
2011,1.1760450160771705,BHR,Bahrain
1995,0.7905225544766554,BLR,Belarus
1996,0.8597356995421006,BLR,Belarus
1997,0.8083352668854342,BLR,Belarus
1998,0.8487792464932095,BLR,Belarus
1999,0.8056677745863464,BLR,Belarus
2000,0.8096457928253243,BLR,Belarus
2001,0.8268602899952731,BLR,Belarus
2002,0.8089132840727841,BLR,Belarus
2003,0.7944237628977041,BLR,Belarus
2004,0.8114590997257709,BLR,Belarus
2005,0.791408816594061,BLR,Belarus
2006,0.7987141444114738,BLR,Belarus
2007,0.7837862836864553,BLR,Belarus
2008,0.738859363292617,BLR,Belarus
2009,0.7455761524257989,BLR,Belarus
2010,0.7662033291110281,BLR,Belarus
2011,0.7662033291110281,BLR,Belarus
1995,0.7179150240911082,BEL,Belgium
1996,0.7179150240911082,BEL,Belgium
1997,0.7179150240911082,BEL,Belgium
1998,0.7179150240911082,BEL,Belgium
1999,0.7179150240911082,BEL,Belgium
2000,0.7352437981180496,BEL,Belgium
2001,0.7401639344262295,BEL,Belgium
2002,0.7449228269699432,BEL,Belgium
2003,0.7453703703703703,BEL,Belgium
2004,0.748225625700411,BEL,Belgium
2005,0.7533088235294118,BEL,Belgium
2006,0.7641509433962265,BEL,Belgium
2007,0.7653611210923464,BEL,Belgium
2008,0.7707115847370231,BEL,Belgium
2009,0.7812604201400467,BEL,Belgium
2010,0.7812604201400467,BEL,Belgium
2011,0.7812604201400467,BEL,Belgium
1995,0.8910303928836175,BWA,Botswana
1996,0.8910303928836175,BWA,Botswana
1997,0.8910303928836175,BWA,Botswana
1998,0.8910303928836175,BWA,Botswana
1999,0.8910303928836175,BWA,Botswana
2000,0.8910303928836175,BWA,Botswana
2001,0.8910303928836175,BWA,Botswana
2002,0.8910303928836175,BWA,Botswana
2003,0.8910303928836175,BWA,Botswana
2004,0.8910303928836175,BWA,Botswana
2005,0.8910303928836175,BWA,Botswana
2006,0.8910303928836175,BWA,Botswana
2007,0.8910303928836175,BWA,Botswana
2008,0.8910303928836175,BWA,Botswana
2009,0.8483994362794444,BWA,Botswana
2010,0.8333333333333334,BWA,Botswana
2011,0.8333333333333334,BWA,Botswana
1995,0.6385549858519669,BRA,Brazil
1996,0.6762335777574091,BRA,Brazil
1997,0.68286227088961,BRA,Brazil
1998,0.6804413412636842,BRA,Brazil
1999,0.6979141147236901,BRA,Brazil
2000,0.6979141147236901,BRA,Brazil
2001,0.7068807917796129,BRA,Brazil
2002,0.7116596870178532,BRA,Brazil
2003,0.720264976331683,BRA,Brazil
2004,0.7226648931408034,BRA,Brazil
2005,0.7257886352801647,BRA,Brazil
2006,0.7287776974439671,BRA,Brazil
2007,0.726091638926963,BRA,Brazil
2008,0.7286711770710074,BRA,Brazil
2009,0.7230152205864037,BRA,Brazil
2010,0.7230152205864037,BRA,Brazil
2011,0.7230152205864037,BRA,Brazil
1995,0.755201242134255,BGR,Bulgaria
1996,0.755201242134255,BGR,Bulgaria
1997,0.755201242134255,BGR,Bulgaria
1998,0.755201242134255,BGR,Bulgaria
1999,0.755201242134255,BGR,Bulgaria
2000,0.755201242134255,BGR,Bulgaria
2001,0.7669724770642202,BGR,Bulgaria
2002,0.7842350008803213,BGR,Bulgaria
2003,0.8118995449182538,BGR,Bulgaria
2004,0.8236963197341771,BGR,Bulgaria
2005,0.8226318438314493,BGR,Bulgaria
2006,0.8327325272270741,BGR,Bulgaria
2007,0.833718126642833,BGR,Bulgaria
2008,0.8216723921240051,BGR,Bulgaria
2009,0.8091163136380527,BGR,Bulgaria
2010,0.8071752064895318,BGR,Bulgaria
2011,0.8071752064895318,BGR,Bulgaria
1995,0.8841269672026272,KHM,Cambodia
1996,0.8841269672026272,KHM,Cambodia
1997,0.8841269672026272,KHM,Cambodia
1998,0.8841269672026272,KHM,Cambodia
1999,0.8841269672026272,KHM,Cambodia
2000,0.8841269672026272,KHM,Cambodia
2001,0.8841269672026272,KHM,Cambodia
2002,0.8841269672026272,KHM,Cambodia
2003,0.8841269672026272,KHM,Cambodia
2004,0.8841269672026272,KHM,Cambodia
2005,0.8841269672026272,KHM,Cambodia
2006,0.8841269672026272,KHM,Cambodia
2007,0.6852980989230825,KHM,Cambodia
2008,0.6852980989230825,KHM,Cambodia
2009,0.7261981100236247,KHM,Cambodia
2010,0.7261981100236247,KHM,Cambodia
2011,0.7261981100236247,KHM,Cambodia
1995,0.6920612244197109,CAN,Canada
1996,0.6920612244197109,CAN,Canada
1997,0.6920612244197109,CAN,Canada
1998,0.693425394730162,CAN,Canada
1999,0.6957977482871347,CAN,Canada
2000,0.6939762731684873,CAN,Canada
2001,0.6975898685213769,CAN,Canada
2002,0.7054740960941042,CAN,Canada
2003,0.7116561298156001,CAN,Canada
2004,0.7207108252344716,CAN,Canada
2005,0.7262305561474537,CAN,Canada
2006,0.7281159053871711,CAN,Canada
2007,0.7309914878311953,CAN,Canada
2008,0.7303388015568976,CAN,Canada
2009,0.7432146607330367,CAN,Canada
2010,0.7446908699394958,CAN,Canada
2011,0.756128533835494,CAN,Canada
1995,0.7923159391588556,COL,Colombia
1996,0.7987818729930682,COL,Colombia
1997,0.7911761082226548,COL,Colombia
1998,0.8036015871400957,COL,Colombia
1999,0.8492154265004931,COL,Colombia
2000,0.9034630439329502,COL,Colombia
2001,0.9034630439329502,COL,Colombia
2002,0.9681041621396228,COL,Colombia
2003,0.8684221852280963,COL,Colombia
2004,0.8649796448964661,COL,Colombia
2005,0.8966813971581129,COL,Colombia
2006,0.8732103854898083,COL,Colombia
2007,0.9133637269311699,COL,Colombia
2008,0.8790074243858688,COL,Colombia
2009,0.8826006860106348,COL,Colombia
2010,0.8460363950200154,COL,Colombia
2011,0.8460363950200154,COL,Colombia
1995,0.7671793948225099,CRI,Costa Rica
1996,0.8303650876655901,CRI,Costa Rica
1997,0.8734670654619292,CRI,Costa Rica
1998,0.8074438644743228,CRI,Costa Rica
1999,0.7843043975937847,CRI,Costa Rica
2000,0.8081621140786704,CRI,Costa Rica
2001,0.8290965878809663,CRI,Costa Rica
2002,0.7834736682246933,CRI,Costa Rica
2003,0.8426137848983926,CRI,Costa Rica
2004,0.8352557233317097,CRI,Costa Rica
2005,0.8098444558178864,CRI,Costa Rica
2006,0.8392296758291301,CRI,Costa Rica
2007,0.7975530901627249,CRI,Costa Rica
2008,0.8007991153704386,CRI,Costa Rica
2009,0.8720465136513574,CRI,Costa Rica
2010,0.8656883682574589,CRI,Costa Rica
2011,0.8656883682574589,CRI,Costa Rica
1995,0.8948534423994546,HRV,Croatia
1996,0.8948534423994546,HRV,Croatia
1997,0.8948534423994546,HRV,Croatia
1998,0.8948534423994546,HRV,Croatia
1999,0.8948534423994546,HRV,Croatia
2000,0.8948534423994546,HRV,Croatia
2001,0.8948534423994546,HRV,Croatia
2002,0.8948534423994546,HRV,Croatia
2003,0.8948534423994546,HRV,Croatia
2004,0.8926844988720593,HRV,Croatia
2005,0.8943314849044979,HRV,Croatia
2006,0.8899985526125344,HRV,Croatia
2007,0.891748366013072,HRV,Croatia
2008,0.8890015205271161,HRV,Croatia
2009,0.8939375077804058,HRV,Croatia
2010,0.8991795126802585,HRV,Croatia
2011,0.8991795126802585,HRV,Croatia
1995,0.7338325391422736,CYP,Cyprus
1996,0.7338325391422736,CYP,Cyprus
1997,0.7338325391422736,CYP,Cyprus
1998,0.7338325391422736,CYP,Cyprus
1999,0.7338325391422736,CYP,Cyprus
2000,0.7410941475826972,CYP,Cyprus
2001,0.7415254237288136,CYP,Cyprus
2002,0.7489878542510121,CYP,Cyprus
2003,0.7479586281981492,CYP,Cyprus
2004,0.7489539748953975,CYP,Cyprus
2005,0.7501241927471436,CYP,Cyprus
2006,0.7566666666666667,CYP,Cyprus
2007,0.7615313653136532,CYP,Cyprus
2008,0.776356418173798,CYP,Cyprus
2009,0.7808219178082192,CYP,Cyprus
2010,0.7808219178082192,CYP,Cyprus
2011,0.7808219178082192,CYP,Cyprus
1995,0.7507282323421683,CZE,Czech Republic
1996,0.7507282323421683,CZE,Czech Republic
1997,0.7507282323421683,CZE,Czech Republic
1998,0.7507282323421683,CZE,Czech Republic
1999,0.7507282323421683,CZE,Czech Republic
2000,0.7507282323421683,CZE,Czech Republic
2001,0.7507282323421683,CZE,Czech Republic
2002,0.7507282323421683,CZE,Czech Republic
2003,0.7507282323421683,CZE,Czech Republic
2004,0.7507282323421683,CZE,Czech Republic
2005,0.7507282323421683,CZE,Czech Republic
2006,0.7543126858411057,CZE,Czech Republic
2007,0.7524373563051133,CZE,Czech Republic
2008,0.7404661052702635,CZE,Czech Republic
2009,0.7483123334869094,CZE,Czech Republic
2010,0.75073943183813,CZE,Czech Republic
2011,0.7929913294797688,CZE,Czech Republic
1995,0.6288944928007809,COD,"Congo, Dem. Rep."
1996,0.6288944928007809,COD,"Congo, Dem. Rep."
1997,0.6288944928007809,COD,"Congo, Dem. Rep."
1998,0.6288944928007809,COD,"Congo, Dem. Rep."
1999,0.6288944928007809,COD,"Congo, Dem. Rep."
2000,0.6288944928007809,COD,"Congo, Dem. Rep."
2001,0.6288944928007809,COD,"Congo, Dem. Rep."
2002,0.6288944928007809,COD,"Congo, Dem. Rep."
2003,0.6288944928007809,COD,"Congo, Dem. Rep."
2004,0.6288944928007809,COD,"Congo, Dem. Rep."
2005,0.6288944928007809,COD,"Congo, Dem. Rep."
2006,0.6288944928007809,COD,"Congo, Dem. Rep."
2007,0.6288944928007809,COD,"Congo, Dem. Rep."
2008,0.6288944928007809,COD,"Congo, Dem. Rep."
2009,0.6288944928007809,COD,"Congo, Dem. Rep."
2010,0.6288944928007809,COD,"Congo, Dem. Rep."
2011,0.6288944928007809,COD,"Congo, Dem. Rep."
1995,0.8504961637366625,DNK,Denmark
1996,0.8504961637366625,DNK,Denmark
1997,0.8504961637366625,DNK,Denmark
1998,0.8504961637366625,DNK,Denmark
1999,0.8504961637366625,DNK,Denmark
2000,0.8504961637366625,DNK,Denmark
2001,0.8504961637366625,DNK,Denmark
2002,0.8504961637366625,DNK,Denmark
2003,0.8504961637366625,DNK,Denmark
2004,0.8504961637366625,DNK,Denmark
2005,0.8504961637366625,DNK,Denmark
2006,0.8504961637366625,DNK,Denmark
2007,0.8504961637366625,DNK,Denmark
2008,0.8504961637366625,DNK,Denmark
2009,0.8504961637366625,DNK,Denmark
2010,0.8503386992523678,DNK,Denmark
2011,0.8503386992523678,DNK,Denmark
1995,0.7662323820351319,ECU,Ecuador
1996,0.7883372911191189,ECU,Ecuador
1997,0.8283259399629614,ECU,Ecuador
1998,0.774832525115116,ECU,Ecuador
1999,0.8250330576572488,ECU,Ecuador
2000,0.8257569950172481,ECU,Ecuador
2001,0.7592602377807133,ECU,Ecuador
2002,0.7936814001779887,ECU,Ecuador
2003,0.8630952380952381,ECU,Ecuador
2004,0.8993012376384201,ECU,Ecuador
2005,0.8436177928200169,ECU,Ecuador
2006,0.8988918837975441,ECU,Ecuador
2007,0.8518817344229868,ECU,Ecuador
2008,0.8662743052968784,ECU,Ecuador
2009,0.8721559872702228,ECU,Ecuador
2010,0.91305872810575,ECU,Ecuador
2011,0.9420696146841556,ECU,Ecuador
1995,0.8137262443438913,EGY,"Egypt, Arab Rep."
1996,0.8137262443438913,EGY,"Egypt, Arab Rep."
1997,0.8623852239839266,EGY,"Egypt, Arab Rep."
1998,0.8521751519566233,EGY,"Egypt, Arab Rep."
1999,0.7837847109068143,EGY,"Egypt, Arab Rep."
2000,0.7396457622420403,EGY,"Egypt, Arab Rep."
2001,0.8471336830640289,EGY,"Egypt, Arab Rep."
2002,0.8323344853364876,EGY,"Egypt, Arab Rep."
2003,0.8324023066599455,EGY,"Egypt, Arab Rep."
2004,0.875647618831255,EGY,"Egypt, Arab Rep."
2005,0.7767442659233396,EGY,"Egypt, Arab Rep."
2006,0.7966078989312291,EGY,"Egypt, Arab Rep."
2007,0.7777780725022104,EGY,"Egypt, Arab Rep."
2008,0.7777780725022104,EGY,"Egypt, Arab Rep."
2009,0.7777780725022104,EGY,"Egypt, Arab Rep."
2010,0.7777780725022104,EGY,"Egypt, Arab Rep."
2011,0.7777780725022104,EGY,"Egypt, Arab Rep."
1995,0.7832327103141608,SLV,El Salvador
1996,0.7832327103141608,SLV,El Salvador
1997,0.7832327103141608,SLV,El Salvador
1998,0.7832327103141608,SLV,El Salvador
1999,0.7832327103141608,SLV,El Salvador
2000,0.7912358218090703,SLV,El Salvador
2001,0.7675633606661156,SLV,El Salvador
2002,0.7370355158773049,SLV,El Salvador
2003,0.7370355158773049,SLV,El Salvador
2004,0.8104029476324867,SLV,El Salvador
2005,0.8031411677753141,SLV,El Salvador
2006,0.8850411253747406,SLV,El Salvador
2007,0.8232913190129594,SLV,El Salvador
2008,0.8473467665365545,SLV,El Salvador
2009,0.8139826041117555,SLV,El Salvador
2010,0.8446894473738272,SLV,El Salvador
2011,0.8446894473738272,SLV,El Salvador
1995,0.7358977417757594,EST,Estonia
1996,0.7358977417757594,EST,Estonia
1997,0.7358977417757594,EST,Estonia
1998,0.7358977417757594,EST,Estonia
1999,0.7358977417757594,EST,Estonia
2000,0.7358977417757594,EST,Estonia
2001,0.7358977417757594,EST,Estonia
2002,0.7358977417757594,EST,Estonia
2003,0.7358977417757594,EST,Estonia
2004,0.7358977417757594,EST,Estonia
2005,0.7358977417757594,EST,Estonia
2006,0.7219984070156552,EST,Estonia
2007,0.7130702361377801,EST,Estonia
2008,0.7439393429087275,EST,Estonia
2009,0.7439393429087275,EST,Estonia
2010,0.7439393429087275,EST,Estonia
2011,0.7439393429087275,EST,Estonia
1995,0.7862512529234882,FIN,Finland
1996,0.7953484629003702,FIN,Finland
1997,0.7887951615470317,FIN,Finland
1998,0.7915126309303758,FIN,Finland
1999,0.7716830053131781,FIN,Finland
2000,0.7877542342853093,FIN,Finland
2001,0.8017206063088897,FIN,Finland
2002,0.8038049940546967,FIN,Finland
2003,0.8038916444105303,FIN,Finland
2004,0.808714918759232,FIN,Finland
2005,0.8087451119800925,FIN,Finland
2006,0.8018480492813141,FIN,Finland
2007,0.8016474464579901,FIN,Finland
2008,0.8084772370486656,FIN,Finland
2009,0.8111313868613139,FIN,Finland
2010,0.8147706968433591,FIN,Finland
2011,0.8147706968433591,FIN,Finland
1995,0.7975952606302802,FRA,France
1996,0.7975952606302802,FRA,France
1997,0.7975952606302802,FRA,France
1998,0.7975952606302802,FRA,France
1999,0.8015739179314222,FRA,France
2000,0.8146551724137931,FRA,France
2001,0.8151260504201681,FRA,France
2002,0.8,FRA,France
2003,0.8014981273408239,FRA,France
2004,0.8122605363984674,FRA,France
2005,0.8141263940520446,FRA,France
2006,0.8152173913043478,FRA,France
2007,0.8140350877192982,FRA,France
2008,0.8125211505922166,FRA,France
2009,0.8236278447121821,FRA,France
2010,0.8236278447121821,FRA,France
2011,0.8236278447121821,FRA,France
1995,0.5214521452145214,GEO,Georgia
1996,0.5214521452145214,GEO,Georgia
1997,0.5214521452145214,GEO,Georgia
1998,0.5214521452145214,GEO,Georgia
1999,0.5214521452145214,GEO,Georgia
2000,0.542984849606461,GEO,Georgia
2001,0.5071884984025559,GEO,Georgia
2002,0.5043304463690873,GEO,Georgia
2003,0.5257668711656441,GEO,Georgia
2004,0.5391782868525896,GEO,Georgia
2005,0.4893617021276596,GEO,Georgia
2006,0.4904861878453039,GEO,Georgia
2007,0.5050928145475343,GEO,Georgia
2008,0.5419671125942609,GEO,Georgia
2009,0.5765135218860288,GEO,Georgia
2010,0.5742619044413629,GEO,Georgia
2011,0.5742619044413629,GEO,Georgia
1995,0.7522267206477733,DEU,Germany
1996,0.7613233556518314,DEU,Germany
1997,0.7693798449612403,DEU,Germany
1998,0.7726411519514967,DEU,Germany
1999,0.7758938444526354,DEU,Germany
2000,0.7869692532942899,DEU,Germany
2001,0.7914285714285715,DEU,Germany
2002,0.7912772585669782,DEU,Germany
2003,0.7937415881561238,DEU,Germany
2004,0.7979564930784443,DEU,Germany
2005,0.8014896373056994,DEU,Germany
2006,0.8036966220522626,DEU,Germany
2007,0.8066023045780131,DEU,Germany
2008,0.807832422586521,DEU,Germany
2009,0.821987951807229,DEU,Germany
2010,0.8170374707259953,DEU,Germany
2011,0.8155644241733181,DEU,Germany
1995,0.8196750305013573,GHA,Ghana
1996,0.8196750305013573,GHA,Ghana
1997,0.8196750305013573,GHA,Ghana
1998,0.8196750305013573,GHA,Ghana
1999,0.8196750305013573,GHA,Ghana
2000,0.8196750305013573,GHA,Ghana
2001,0.8196750305013573,GHA,Ghana
2002,0.8196750305013573,GHA,Ghana
2003,0.8196750305013573,GHA,Ghana
2004,0.8196750305013573,GHA,Ghana
2005,0.8196750305013573,GHA,Ghana
2006,0.8196750305013573,GHA,Ghana
2007,0.8196750305013573,GHA,Ghana
2008,0.8196750305013573,GHA,Ghana
2009,0.8196750305013573,GHA,Ghana
2010,0.8196750305013573,GHA,Ghana
2011,0.8196750305013573,GHA,Ghana
1995,0.8180080116533139,GTM,Guatemala
1996,0.8180080116533139,GTM,Guatemala
1997,0.8180080116533139,GTM,Guatemala
1998,0.8180080116533139,GTM,Guatemala
1999,0.8180080116533139,GTM,Guatemala
2000,0.8180080116533139,GTM,Guatemala
2001,0.8180080116533139,GTM,Guatemala
2002,0.8180080116533139,GTM,Guatemala
2003,0.8180080116533139,GTM,Guatemala
2004,0.8180080116533139,GTM,Guatemala
2005,0.8180080116533139,GTM,Guatemala
2006,0.8180080116533139,GTM,Guatemala
2007,0.8180080116533139,GTM,Guatemala
2008,0.8180080116533139,GTM,Guatemala
2009,0.8180080116533139,GTM,Guatemala
2010,0.8180080116533139,GTM,Guatemala
2011,0.8180080116533139,GTM,Guatemala
1995,1.009008402562742,GUY,Guyana
1996,1.009008402562742,GUY,Guyana
1997,1.009008402562742,GUY,Guyana
1998,1.009008402562742,GUY,Guyana
1999,1.009008402562742,GUY,Guyana
2000,1.009008402562742,GUY,Guyana
2001,1.009008402562742,GUY,Guyana
2002,1.009008402562742,GUY,Guyana
2003,1.009008402562742,GUY,Guyana
2004,1.009008402562742,GUY,Guyana
2005,0.9728518998272884,GUY,Guyana
2006,0.9100482096991819,GUY,Guyana
2007,0.9114559578497229,GUY,Guyana
2008,0.9114559578497229,GUY,Guyana
2009,0.9114559578497229,GUY,Guyana
2010,0.9114559578497229,GUY,Guyana
2011,0.9114559578497229,GUY,Guyana
1995,0.7736912115466944,HND,Honduras
1996,0.8071434463416646,HND,Honduras
1997,0.7893944844428457,HND,Honduras
1998,0.8135264935833086,HND,Honduras
1999,0.7839473017481631,HND,Honduras
2000,0.7839473017481631,HND,Honduras
2001,0.838366996706453,HND,Honduras
2002,0.847945268869843,HND,Honduras
2003,0.948929255953701,HND,Honduras
2004,0.9007021620192766,HND,Honduras
2005,0.9342235918507104,HND,Honduras
2006,0.9215727376175361,HND,Honduras
2007,0.9402848047580556,HND,Honduras
2008,0.9191596339528054,HND,Honduras
2009,0.9901104828330176,HND,Honduras
2010,1.0241461619303314,HND,Honduras
2011,1.0241461619303314,HND,Honduras
1995,0.6815286624203821,ISL,Iceland
1996,0.6815286624203821,ISL,Iceland
1997,0.6815286624203821,ISL,Iceland
1998,0.6815286624203821,ISL,Iceland
1999,0.6882352941176471,ISL,Iceland
2000,0.675392670157068,ISL,Iceland
2001,0.6824644549763034,ISL,Iceland
2002,0.7104072398190046,ISL,Iceland
2003,0.7136752136752137,ISL,Iceland
2004,0.7224489795918367,ISL,Iceland
2005,0.7302158273381295,ISL,Iceland
2006,0.7508305647840532,ISL,Iceland
2007,0.7710843373493976,ISL,Iceland
2008,0.7926136363636364,ISL,Iceland
2009,0.8138888888888889,ISL,Iceland
2010,0.8262032085561497,ISL,Iceland
2011,0.816793893129771,ISL,Iceland
1995,0.8179271708683473,IRQ,Iraq
1996,0.8179271708683473,IRQ,Iraq
1997,0.8179271708683473,IRQ,Iraq
1998,0.8179271708683473,IRQ,Iraq
1999,0.8179271708683473,IRQ,Iraq
2000,0.8179271708683473,IRQ,Iraq
2001,0.8179271708683473,IRQ,Iraq
2002,0.8179271708683473,IRQ,Iraq
2003,0.8179271708683473,IRQ,Iraq
2004,0.8179271708683473,IRQ,Iraq
2005,0.8179271708683473,IRQ,Iraq
2006,0.8179271708683473,IRQ,Iraq
2007,0.8179271708683473,IRQ,Iraq
2008,0.8179271708683473,IRQ,Iraq
2009,0.8179271708683473,IRQ,Iraq
2010,0.8179271708683473,IRQ,Iraq
2011,0.8179271708683473,IRQ,Iraq
1995,0.6863991561064304,IRL,Ireland
1996,0.6863991561064304,IRL,Ireland
1997,0.6863991561064304,IRL,Ireland
1998,0.6863991561064304,IRL,Ireland
1999,0.6863991561064304,IRL,Ireland
2000,0.6863991561064304,IRL,Ireland
2001,0.6863991561064304,IRL,Ireland
2002,0.6863991561064304,IRL,Ireland
2003,0.6863991561064304,IRL,Ireland
2004,0.6863991561064304,IRL,Ireland
2005,0.6863991561064304,IRL,Ireland
2006,0.7246358784820324,IRL,Ireland
2007,0.7269815945919192,IRL,Ireland
2008,0.7269815945919192,IRL,Ireland
2009,0.7269815945919192,IRL,Ireland
2010,0.7269815945919192,IRL,Ireland
2011,0.7269815945919192,IRL,Ireland
1995,0.6043463498817682,ISR,Israel
1996,0.6025081349989905,ISR,Israel
1997,0.6125642018403015,ISR,Israel
1998,0.6139522152711347,ISR,Israel
1999,0.6016303013861437,ISR,Israel
2000,0.6155310632311947,ISR,Israel
2001,0.5970840083314047,ISR,Israel
2002,0.615615962984384,ISR,Israel
2003,0.6216730038022814,ISR,Israel
2004,0.6332899869960988,ISR,Israel
2005,0.6319533527696793,ISR,Israel
2006,0.6337235996326905,ISR,Israel
2007,0.641955325348009,ISR,Israel
2008,0.6312454554897684,ISR,Israel
2009,0.6591791749763829,ISR,Israel
2010,0.6570199895062808,ISR,Israel
2011,0.6570199895062808,ISR,Israel
1995,0.6282679738562091,JPN,Japan
1996,0.6282679738562091,JPN,Japan
1997,0.6282679738562091,JPN,Japan
1998,0.6282679738562091,JPN,Japan
1999,0.6282679738562091,JPN,Japan
2000,0.6348906292195517,JPN,Japan
2001,0.6348058902275769,JPN,Japan
2002,0.6494424802828392,JPN,Japan
2003,0.6494845360824743,JPN,Japan
2004,0.7238694219826295,JPN,Japan
2005,0.6423004568664338,JPN,Japan
2006,0.6401931848671853,JPN,Japan
2007,0.6490332975295381,JPN,Japan
2008,0.6582724072569727,JPN,Japan
2009,0.6858432036097011,JPN,Japan
2010,0.6766666666666666,JPN,Japan
2011,0.6766666666666666,JPN,Japan
1995,0.65625,JOR,Jordan
1996,0.6456456456456456,JOR,Jordan
1997,0.6540697674418605,JOR,Jordan
1998,0.6545961002785515,JOR,Jordan
1999,0.6545961002785515,JOR,Jordan
2000,0.8589743589743589,JOR,Jordan
2001,0.8865546218487395,JOR,Jordan
2002,0.8902439024390244,JOR,Jordan
2003,0.9076305220883534,JOR,Jordan
2004,0.872,JOR,Jordan
2005,0.8461538461538461,JOR,Jordan
2006,0.8556701030927835,JOR,Jordan
2007,0.8793650793650793,JOR,Jordan
2008,0.8626373626373627,JOR,Jordan
2009,0.862796833773087,JOR,Jordan
2010,0.890818858560794,JOR,Jordan
2011,0.890818858560794,JOR,Jordan
1995,0.6076696165191741,KAZ,Kazakhstan
1996,0.6076696165191741,KAZ,Kazakhstan
1997,0.6076696165191741,KAZ,Kazakhstan
1998,0.6076696165191741,KAZ,Kazakhstan
1999,0.6076696165191741,KAZ,Kazakhstan
2000,0.6076696165191741,KAZ,Kazakhstan
2001,0.6076696165191741,KAZ,Kazakhstan
2002,0.6076696165191741,KAZ,Kazakhstan
2003,0.6076696165191741,KAZ,Kazakhstan
2004,0.6189310721027019,KAZ,Kazakhstan
2005,0.6110001051635293,KAZ,Kazakhstan
2006,0.6229469633454168,KAZ,Kazakhstan
2007,0.6578800304011547,KAZ,Kazakhstan
2008,0.6383326349928443,KAZ,Kazakhstan
2009,0.6514883366516727,KAZ,Kazakhstan
2010,0.6587038075115347,KAZ,Kazakhstan
2011,0.6587038075115347,KAZ,Kazakhstan
1995,0.8480592939340745,LVA,Latvia
1996,0.8480592939340745,LVA,Latvia
1997,0.8480592939340745,LVA,Latvia
1998,0.8480592939340745,LVA,Latvia
1999,0.8480592939340745,LVA,Latvia
2000,0.8480592939340745,LVA,Latvia
2001,0.8480592939340745,LVA,Latvia
2002,0.8480592939340745,LVA,Latvia
2003,0.8480592939340745,LVA,Latvia
2004,0.8480592939340745,LVA,Latvia
2005,0.8192771084337349,LVA,Latvia
2006,0.8243243243243243,LVA,Latvia
2007,0.8389610389610389,LVA,Latvia
2008,0.8475609756097561,LVA,Latvia
2009,0.8388349514563107,LVA,Latvia
2010,0.8145833333333333,LVA,Latvia
2011,0.8340080971659919,LVA,Latvia
1995,0.9401709401709402,LBN,Lebanon
1996,0.9401709401709402,LBN,Lebanon
1997,0.9401709401709402,LBN,Lebanon
1998,0.9401709401709402,LBN,Lebanon
1999,0.9401709401709402,LBN,Lebanon
2000,0.9401709401709402,LBN,Lebanon
2001,0.9401709401709402,LBN,Lebanon
2002,0.9401709401709402,LBN,Lebanon
2003,0.9401709401709402,LBN,Lebanon
2004,0.9401709401709402,LBN,Lebanon
2005,0.9401709401709402,LBN,Lebanon
2006,0.9401709401709402,LBN,Lebanon
2007,0.9401709401709402,LBN,Lebanon
2008,0.9401709401709402,LBN,Lebanon
2009,0.9401709401709402,LBN,Lebanon
2010,0.9401709401709402,LBN,Lebanon
2011,0.9401709401709402,LBN,Lebanon
1995,1.532011217948718,LTU,Lithuania
1996,1.3389005602240898,LTU,Lithuania
1997,1.0334864864864866,LTU,Lithuania
1998,0.8234065460809648,LTU,Lithuania
1999,0.8060497470489039,LTU,Lithuania
2000,0.8168492378152984,LTU,Lithuania
2001,0.8145610677325926,LTU,Lithuania
2002,0.8118028357044625,LTU,Lithuania
2003,0.8094837694396445,LTU,Lithuania
2004,0.8124473732381474,LTU,Lithuania
2005,0.8240576310939857,LTU,Lithuania
2006,0.8214080789534083,LTU,Lithuania
2007,0.7928861980891118,LTU,Lithuania
2008,0.8078421515646601,LTU,Lithuania
2009,0.8725227880821732,LTU,Lithuania
2010,0.8572756857275686,LTU,Lithuania
2011,0.8572756857275686,LTU,Lithuania
1995,0.7954380883417813,LUX,Luxembourg
1996,0.9644001423994304,LUX,Luxembourg
1997,0.7956533725097447,LUX,Luxembourg
1998,0.7987896505559958,LUX,Luxembourg
1999,0.8023303859185191,LUX,Luxembourg
2000,0.8092858596910862,LUX,Luxembourg
2001,0.8112383247966255,LUX,Luxembourg
2002,0.8005889963431421,LUX,Luxembourg
2003,0.8021156882445816,LUX,Luxembourg
2004,0.8058044917914152,LUX,Luxembourg
2005,0.808254467700908,LUX,Luxembourg
2006,0.8132636393335512,LUX,Luxembourg
2007,0.8226238793312334,LUX,Luxembourg
2008,0.8225571220223626,LUX,Luxembourg
2009,0.8284558648584345,LUX,Luxembourg
2010,0.8255329008341057,LUX,Luxembourg
2011,0.8679962013295347,LUX,Luxembourg
1995,0.7487912158474332,MEX,Mexico
1996,0.7987751863846806,MEX,Mexico
1997,0.7738223534017481,MEX,Mexico
1998,0.7885152343241685,MEX,Mexico
1999,0.7718095586935104,MEX,Mexico
2000,0.7765227043544303,MEX,Mexico
2001,0.7725676377297575,MEX,Mexico
2002,0.7880167906642189,MEX,Mexico
2003,0.8024714434904162,MEX,Mexico
2004,0.8008783213098494,MEX,Mexico
2005,0.8087239886236577,MEX,Mexico
2006,0.8087809329122297,MEX,Mexico
2007,0.7890709284456618,MEX,Mexico
2008,0.7790712330449453,MEX,Mexico
2009,0.8246473306726539,MEX,Mexico
2010,0.8117335562987738,MEX,Mexico
2011,0.8305193148158317,MEX,Mexico
1995,0.9242658423493045,MNG,Mongolia
1996,0.9242658423493045,MNG,Mongolia
1997,0.9242658423493045,MNG,Mongolia
1998,0.9242658423493045,MNG,Mongolia
1999,0.9242658423493045,MNG,Mongolia
2000,0.9242658423493045,MNG,Mongolia
2001,0.8815028901734104,MNG,Mongolia
2002,0.8878627968337731,MNG,Mongolia
2003,0.8745684695051784,MNG,Mongolia
2004,0.8952187182095626,MNG,Mongolia
2005,0.8390909090909091,MNG,Mongolia
2006,0.8494117647058823,MNG,Mongolia
2007,0.8533743974290305,MNG,Mongolia
2008,0.8860944206008584,MNG,Mongolia
2009,0.867627683484461,MNG,Mongolia
2010,0.8492743840701992,MNG,Mongolia
2011,0.8113297872340426,MNG,Mongolia
1995,1.5388581122787677,MMR,Myanmar
1996,1.5388581122787677,MMR,Myanmar
1997,1.5388581122787677,MMR,Myanmar
1998,1.5388581122787677,MMR,Myanmar
1999,1.5388581122787677,MMR,Myanmar
2000,1.5388581122787677,MMR,Myanmar
2001,0.91938875609655,MMR,Myanmar
2002,0.9394812680115274,MMR,Myanmar
2003,0.8892287414204458,MMR,Myanmar
2004,0.9093336936285649,MMR,Myanmar
2005,0.889307541000862,MMR,Myanmar
2006,0.9639340054790851,MMR,Myanmar
2007,0.8762223864143728,MMR,Myanmar
2008,0.8784252096592873,MMR,Myanmar
2009,0.8784252096592873,MMR,Myanmar
2010,0.8784252096592873,MMR,Myanmar
2011,0.8784252096592873,MMR,Myanmar
1995,0.5726245290916702,NPL,Nepal
1996,0.5726245290916702,NPL,Nepal
1997,0.5726245290916702,NPL,Nepal
1998,0.5726245290916702,NPL,Nepal
1999,0.5726245290916702,NPL,Nepal
2000,0.5726245290916702,NPL,Nepal
2001,0.5726245290916702,NPL,Nepal
2002,0.5726245290916702,NPL,Nepal
2003,0.5726245290916702,NPL,Nepal
2004,0.5726245290916702,NPL,Nepal
2005,0.5726245290916702,NPL,Nepal
2006,0.5726245290916702,NPL,Nepal
2007,0.5726245290916702,NPL,Nepal
2008,0.5946512847404299,NPL,Nepal
2009,0.5946512847404299,NPL,Nepal
2010,0.5946512847404299,NPL,Nepal
2011,0.5946512847404299,NPL,Nepal
1995,0.5629453681710214,NLD,Netherlands
1996,0.5629453681710214,NLD,Netherlands
1997,0.5629453681710214,NLD,Netherlands
1998,0.5629453681710214,NLD,Netherlands
1999,0.5629453681710214,NLD,Netherlands
2000,0.5629453681710214,NLD,Netherlands
2001,0.5629453681710214,NLD,Netherlands
2002,0.5629453681710214,NLD,Netherlands
2003,0.5629453681710214,NLD,Netherlands
2004,0.5629453681710214,NLD,Netherlands
2005,0.5629453681710214,NLD,Netherlands
2006,0.5629453681710214,NLD,Netherlands
2007,0.5705950991831972,NLD,Netherlands
2008,0.5771989429973575,NLD,Netherlands
2009,0.5716852317642831,NLD,Netherlands
2010,0.5744832501781896,NLD,Netherlands
2011,0.5744832501781896,NLD,Netherlands
1995,0.6336834971196205,NZL,New Zealand
1996,0.6336834971196205,NZL,New Zealand
1997,0.6336834971196205,NZL,New Zealand
1998,0.6336834971196205,NZL,New Zealand
1999,0.65,NZL,New Zealand
2000,0.6683250414593698,NZL,New Zealand
2001,0.6611935585727818,NZL,New Zealand
2002,0.6735459662288931,NZL,New Zealand
2003,0.670115282293822,NZL,New Zealand
2004,0.6704936854190585,NZL,New Zealand
2005,0.6451183825485501,NZL,New Zealand
2006,0.6837516512549537,NZL,New Zealand
2007,0.6673976608187134,NZL,New Zealand
2008,0.6795475966069745,NZL,New Zealand
2009,0.6931130758492322,NZL,New Zealand
2010,0.699394754539341,NZL,New Zealand
2011,0.6940200785683108,NZL,New Zealand
1995,0.8370360085161529,NOR,Norway
1996,0.8370360085161529,NOR,Norway
1997,0.8370360085161529,NOR,Norway
1998,0.836009816162225,NOR,Norway
1999,0.8343388429752067,NOR,Norway
2000,0.8348945214105793,NOR,Norway
2001,0.8332706766917293,NOR,Norway
2002,0.8393507549771916,NOR,Norway
2003,0.8426296866974833,NOR,Norway
2004,0.8465102425786809,NOR,Norway
2005,0.8470882343514631,NOR,Norway
2006,0.84638222331048,NOR,Norway
2007,0.8428406132484814,NOR,Norway
2008,0.8392370572207084,NOR,Norway
2009,0.8465608465608465,NOR,Norway
2010,0.8498727735368957,NOR,Norway
2011,0.8529411764705882,NOR,Norway
1995,1.0,OMN,Oman
1996,1.0,OMN,Oman
1997,1.0,OMN,Oman
1998,1.0,OMN,Oman
1999,1.0,OMN,Oman
2000,1.0,OMN,Oman
2001,1.0,OMN,Oman
2002,1.0,OMN,Oman
2003,1.0,OMN,Oman
2004,1.0,OMN,Oman
2005,1.0,OMN,Oman
2006,1.0,OMN,Oman
2007,0.9898477157360406,OMN,Oman
2008,0.9678899082568807,OMN,Oman
2009,0.9694323144104804,OMN,Oman
2010,0.9694323144104804,OMN,Oman
2011,0.9694323144104804,OMN,Oman
1995,0.7738947368421053,PAK,Pakistan
1996,0.7738947368421053,PAK,Pakistan
1997,0.5986121814673044,PAK,Pakistan
1998,0.6468581222094333,PAK,Pakistan
1999,0.6468581222094333,PAK,Pakistan
2000,0.6052371407879751,PAK,Pakistan
2001,0.6052371407879751,PAK,Pakistan
2002,0.5555610292789465,PAK,Pakistan
2003,0.5555610292789465,PAK,Pakistan
2004,0.5990719332568027,PAK,Pakistan
2005,0.5990719332568027,PAK,Pakistan
2006,0.6380424552566101,PAK,Pakistan
2007,0.5847479160348517,PAK,Pakistan
2008,0.5496268800438243,PAK,Pakistan
2009,0.6488133049893711,PAK,Pakistan
2010,0.6455583897083287,PAK,Pakistan
2011,0.6289295857408677,PAK,Pakistan
1995,0.7292612855780576,PAN,Panama
1996,0.7553627982974603,PAN,Panama
1997,0.739275332874914,PAN,Panama
1998,0.80636547874905,PAN,Panama
1999,0.8065745677688037,PAN,Panama
2000,0.8095934848691075,PAN,Panama
2001,0.8214338747286001,PAN,Panama
2002,0.8168870041913064,PAN,Panama
2003,0.805485101677094,PAN,Panama
2004,0.8172169904719664,PAN,Panama
2005,0.8346335149063404,PAN,Panama
2006,0.8232773688558366,PAN,Panama
2007,0.8543293004095814,PAN,Panama
2008,0.8742851132643535,PAN,Panama
2009,0.8791040955336231,PAN,Panama
2010,0.8876024144137121,PAN,Panama
2011,0.8876024144137121,PAN,Panama
1995,0.6991180898488071,PRY,Paraguay
1996,0.7349400492187201,PRY,Paraguay
1997,0.7617143625706708,PRY,Paraguay
1998,0.7617143625706708,PRY,Paraguay
1999,0.7870790948013279,PRY,Paraguay
2000,0.7947289224549707,PRY,Paraguay
2001,0.7947289224549707,PRY,Paraguay
2002,0.7532690598318478,PRY,Paraguay
2003,0.7670053174631123,PRY,Paraguay
2004,0.7999531879037544,PRY,Paraguay
2005,0.7589832623931897,PRY,Paraguay
2006,0.7829032920402437,PRY,Paraguay
2007,0.7513429826456398,PRY,Paraguay
2008,0.7536298982728243,PRY,Paraguay
2009,0.7536298982728243,PRY,Paraguay
2010,0.7536298982728243,PRY,Paraguay
2011,0.7536298982728243,PRY,Paraguay
1995,0.6460343196865288,PER,Peru
1996,0.6460343196865288,PER,Peru
1997,0.6974394133603601,PER,Peru
1998,0.7962360068942705,PER,Peru
1999,0.6726129949747263,PER,Peru
2000,0.802195507801521,PER,Peru
2001,0.6417819840293885,PER,Peru
2002,0.7192421748912793,PER,Peru
2003,0.7652551626682083,PER,Peru
2004,0.7034180427832164,PER,Peru
2005,0.7283081137630906,PER,Peru
2006,0.7600942161737766,PER,Peru
2007,0.786056268269707,PER,Peru
2008,0.6964555715742466,PER,Peru
2009,0.737239622110819,PER,Peru
2010,0.7185963271689534,PER,Peru
2011,0.7185963271689534,PER,Peru
1995,1.0386837038333625,PHL,Philippines
1996,1.0386837038333625,PHL,Philippines
1997,1.0386837038333625,PHL,Philippines
1998,1.0386837038333625,PHL,Philippines
1999,1.0386837038333625,PHL,Philippines
2000,1.0386837038333625,PHL,Philippines
2001,1.0386837038333625,PHL,Philippines
2002,1.0346721592859596,PHL,Philippines
2003,1.0171054838168707,PHL,Philippines
2004,1.0239629813254008,PHL,Philippines
2005,0.9954772301933874,PHL,Philippines
2006,0.9729220967274833,PHL,Philippines
2007,0.980031379261161,PHL,Philippines
2008,0.9978028014281791,PHL,Philippines
2009,1.000791452314998,PHL,Philippines
2010,1.0152258713980118,PHL,Philippines
2011,1.0322935779816513,PHL,Philippines
1995,0.7632645696758285,POL,Poland
1996,0.7921887920615737,POL,Poland
1997,0.7826627857847049,POL,Poland
1998,0.8064919111370215,POL,Poland
1999,0.7995861230681139,POL,Poland
2000,0.7995861230681139,POL,Poland
2001,0.8184481921364313,POL,Poland
2002,0.8312536082474227,POL,Poland
2003,0.8312536082474227,POL,Poland
2004,0.8362134668927222,POL,Poland
2005,0.8362134668927222,POL,Poland
2006,0.8216056865770333,POL,Poland
2007,0.8216056865770333,POL,Poland
2008,0.8132372288628263,POL,Poland
2009,0.8132372288628263,POL,Poland
2010,0.8497623788732505,POL,Poland
2011,0.8497623788732505,POL,Poland
1995,0.7239325756997942,PRT,Portugal
1996,0.7289529022036585,PRT,Portugal
1997,0.7270918638169105,PRT,Portugal
1998,0.7251758695224995,PRT,Portugal
1999,0.7277238203782751,PRT,Portugal
2000,0.7392798148367777,PRT,Portugal
2001,0.7392798148367777,PRT,Portugal
2002,0.77292803700358,PRT,Portugal
2003,0.7642348092997567,PRT,Portugal
2004,0.7678364054160902,PRT,Portugal
2005,0.7738636703522398,PRT,Portugal
2006,0.7726316603510943,PRT,Portugal
2007,0.776432732628498,PRT,Portugal
2008,0.7835372376286573,PRT,Portugal
2009,0.7896562321640251,PRT,Portugal
2010,0.7896562321640251,PRT,Portugal
2011,0.7896562321640251,PRT,Portugal
1995,0.7362324006415969,QAT,Qatar
1996,0.7362324006415969,QAT,Qatar
1997,0.7362324006415969,QAT,Qatar
1998,0.7362324006415969,QAT,Qatar
1999,0.7362324006415969,QAT,Qatar
2000,0.7362324006415969,QAT,Qatar
2001,0.7362324006415969,QAT,Qatar
2002,0.7362324006415969,QAT,Qatar
2003,0.7362324006415969,QAT,Qatar
2004,0.7362324006415969,QAT,Qatar
2005,0.7362324006415969,QAT,Qatar
2006,0.7362324006415969,QAT,Qatar
2007,0.7174607786170831,QAT,Qatar
2008,0.7160493827160493,QAT,Qatar
2009,0.7197076850542197,QAT,Qatar
2010,0.7197076850542197,QAT,Qatar
2011,0.7731540218218727,QAT,Qatar
1995,0.5957163637942638,KOR,"Korea, Rep."
1996,0.6093188890769652,KOR,"Korea, Rep."
1997,0.6208480090010762,KOR,"Korea, Rep."
1998,0.6371458963870984,KOR,"Korea, Rep."
1999,0.6282016545124377,KOR,"Korea, Rep."
2000,0.6253004696081292,KOR,"Korea, Rep."
2001,0.6361538227940358,KOR,"Korea, Rep."
2002,0.6350953340567354,KOR,"Korea, Rep."
2003,0.6237169524347775,KOR,"Korea, Rep."
2004,0.6175616126623161,KOR,"Korea, Rep."
2005,0.6240116796481395,KOR,"Korea, Rep."
2006,0.630976721828815,KOR,"Korea, Rep."
2007,0.630976721828815,KOR,"Korea, Rep."
2008,0.630976721828815,KOR,"Korea, Rep."
2009,0.630976721828815,KOR,"Korea, Rep."
2010,0.630976721828815,KOR,"Korea, Rep."
2011,0.630976721828815,KOR,"Korea, Rep."
1995,0.81292984869326,ROU,Romania
1996,0.81292984869326,ROU,Romania
1997,0.81292984869326,ROU,Romania
1998,0.81292984869326,ROU,Romania
1999,0.81292984869326,ROU,Romania
2000,0.81292984869326,ROU,Romania
2001,0.81292984869326,ROU,Romania
2002,0.81292984869326,ROU,Romania
2003,0.81292984869326,ROU,Romania
2004,0.8386004514672686,ROU,Romania
2005,0.8592092574734812,ROU,Romania
2006,0.8690671031096563,ROU,Romania
2007,0.8937329700272479,ROU,Romania
2008,0.9371554575523704,ROU,Romania
2009,0.9312696747114375,ROU,Romania
2010,0.8898854010961634,ROU,Romania
2011,0.8898854010961634,ROU,Romania
1995,0.7350019864918553,SGP,Singapore
1996,0.7479213907785336,SGP,Singapore
1997,0.760158216468896,SGP,Singapore
1998,0.7182425978987583,SGP,Singapore
1999,0.7222222222222222,SGP,Singapore
2000,0.7191586128482093,SGP,Singapore
2001,0.7176927343316695,SGP,Singapore
2002,0.7205396475770925,SGP,Singapore
2003,0.719848566792861,SGP,Singapore
2004,0.724967320261438,SGP,Singapore
2005,0.7231196365471984,SGP,Singapore
2006,0.7267826513109532,SGP,Singapore
2007,0.7261822376009227,SGP,Singapore
2008,0.730701754385965,SGP,Singapore
2009,0.731965734896303,SGP,Singapore
2010,0.7328211694408877,SGP,Singapore
2011,0.7352941176470589,SGP,Singapore
1995,0.7158901191910079,SVK,Slovak Republic
1996,0.7158901191910079,SVK,Slovak Republic
1997,0.7158901191910079,SVK,Slovak Republic
1998,0.7158901191910079,SVK,Slovak Republic
1999,0.7158901191910079,SVK,Slovak Republic
2000,0.7158901191910079,SVK,Slovak Republic
2001,0.7158901191910079,SVK,Slovak Republic
2002,0.7158901191910079,SVK,Slovak Republic
2003,0.7158901191910079,SVK,Slovak Republic
2004,0.7158901191910079,SVK,Slovak Republic
2005,0.7158901191910079,SVK,Slovak Republic
2006,0.7306391963431675,SVK,Slovak Republic
2007,0.741732621012913,SVK,Slovak Republic
2008,0.760289379293574,SVK,Slovak Republic
2009,0.7467691768519735,SVK,Slovak Republic
2010,0.7534537725823592,SVK,Slovak Republic
2011,0.7577639751552795,SVK,Slovak Republic
1995,0.9301699912136109,SVN,Slovenia
1996,0.9301699912136109,SVN,Slovenia
1997,0.9301699912136109,SVN,Slovenia
1998,0.9301699912136109,SVN,Slovenia
1999,0.9301699912136109,SVN,Slovenia
2000,0.9301699912136109,SVN,Slovenia
2001,0.9301699912136109,SVN,Slovenia
2002,0.9301699912136109,SVN,Slovenia
2003,0.9301699912136109,SVN,Slovenia
2004,0.9301699912136109,SVN,Slovenia
2005,0.9309551019065863,SVN,Slovenia
2006,0.93140712711871,SVN,Slovenia
2007,0.9218978102189781,SVN,Slovenia
2008,0.924375422012154,SVN,Slovenia
2009,0.9699799866577719,SVN,Slovenia
2010,0.9650571791613723,SVN,Slovenia
2011,0.9650571791613723,SVN,Slovenia
1995,0.7245787332945962,ESP,Spain
1996,0.7245787332945962,ESP,Spain
1997,0.7245787332945962,ESP,Spain
1998,0.7245787332945962,ESP,Spain
1999,0.7245787332945962,ESP,Spain
2000,0.7245787332945962,ESP,Spain
2001,0.7245787332945962,ESP,Spain
2002,0.7245787332945962,ESP,Spain
2003,0.7245787332945962,ESP,Spain
2004,0.7245787332945962,ESP,Spain
2005,0.7250704225352113,ESP,Spain
2006,0.7365853658536585,ESP,Spain
2007,0.7439916405433646,ESP,Spain
2008,0.7813206353033363,ESP,Spain
2009,0.7800339229464501,ESP,Spain
2010,0.7745465125707716,ESP,Spain
2011,0.7745437723629428,ESP,Spain
1995,0.9264978381717108,LKA,Sri Lanka
1996,0.9264978381717108,LKA,Sri Lanka
1997,0.9264978381717108,LKA,Sri Lanka
1998,0.8409586056644881,LKA,Sri Lanka
1999,0.8560962846677133,LKA,Sri Lanka
2000,0.8781532603522133,LKA,Sri Lanka
2001,0.8823008849557522,LKA,Sri Lanka
2002,0.9013709063214014,LKA,Sri Lanka
2003,0.8934782608695652,LKA,Sri Lanka
2004,0.8888521336420773,LKA,Sri Lanka
2005,0.9273917108133374,LKA,Sri Lanka
2006,0.938672640716886,LKA,Sri Lanka
2007,0.9549389002036659,LKA,Sri Lanka
2008,0.8930738648252774,LKA,Sri Lanka
2009,0.8930738648252774,LKA,Sri Lanka
2010,0.8930738648252774,LKA,Sri Lanka
2011,0.8930738648252774,LKA,Sri Lanka
1995,1.0119595216191353,SWZ,Eswatini
1996,0.9790268456375839,SWZ,Eswatini
1997,0.8727621483375959,SWZ,Eswatini
1998,0.8994581577363034,SWZ,Eswatini
1999,0.9051987767584098,SWZ,Eswatini
2000,0.9385817978782803,SWZ,Eswatini
2001,0.9385817978782803,SWZ,Eswatini
2002,0.9385817978782803,SWZ,Eswatini
2003,0.9385817978782803,SWZ,Eswatini
2004,0.9385817978782803,SWZ,Eswatini
2005,0.9385817978782803,SWZ,Eswatini
2006,0.9385817978782803,SWZ,Eswatini
2007,0.9385817978782803,SWZ,Eswatini
2008,0.9385817978782803,SWZ,Eswatini
2009,0.9385817978782803,SWZ,Eswatini
2010,0.9385817978782803,SWZ,Eswatini
2011,0.9385817978782803,SWZ,Eswatini
1995,0.8497109826589595,SWE,Sweden
1996,0.8333333333333334,SWE,Sweden
1997,0.826530612244898,SWE,Sweden
1998,0.8235294117647058,SWE,Sweden
1999,0.8301886792452831,SWE,Sweden
2000,0.8177777777777778,SWE,Sweden
2001,0.8240343347639485,SWE,Sweden
2002,0.8298755186721992,SWE,Sweden
2003,0.8346774193548387,SWE,Sweden
2004,0.8365758754863813,SWE,Sweden
2005,0.8371212121212122,SWE,Sweden
2006,0.8413284132841329,SWE,Sweden
2007,0.8392857142857143,SWE,Sweden
2008,0.8401360544217688,SWE,Sweden
2009,0.8538205980066446,SWE,Sweden
2010,0.8562091503267973,SWE,Sweden
2011,0.8589743589743589,SWE,Sweden
1995,0.7444279346210996,CHE,Switzerland
1996,0.7444279346210996,CHE,Switzerland
1997,0.7444279346210996,CHE,Switzerland
1998,0.7486818980667839,CHE,Switzerland
1999,0.7486818980667839,CHE,Switzerland
2000,0.7467242176661014,CHE,Switzerland
2001,0.7467242176661014,CHE,Switzerland
2002,0.7553521334711354,CHE,Switzerland
2003,0.7553521334711354,CHE,Switzerland
2004,0.7618637992831542,CHE,Switzerland
2005,0.7618637992831542,CHE,Switzerland
2006,0.7626486038153165,CHE,Switzerland
2007,0.7626486038153165,CHE,Switzerland
2008,0.7548941798941798,CHE,Switzerland
2009,0.7548941798941798,CHE,Switzerland
2010,0.7674902470741223,CHE,Switzerland
2011,0.7674902470741223,CHE,Switzerland
1995,1.019033337178452,SYR,Syrian Arab Republic
1996,1.019033337178452,SYR,Syrian Arab Republic
1997,1.019033337178452,SYR,Syrian Arab Republic
1998,1.019033337178452,SYR,Syrian Arab Republic
1999,1.019033337178452,SYR,Syrian Arab Republic
2000,1.019033337178452,SYR,Syrian Arab Republic
2001,1.019033337178452,SYR,Syrian Arab Republic
2002,1.019033337178452,SYR,Syrian Arab Republic
2003,1.019033337178452,SYR,Syrian Arab Republic
2004,1.019033337178452,SYR,Syrian Arab Republic
2005,1.019033337178452,SYR,Syrian Arab Republic
2006,1.019033337178452,SYR,Syrian Arab Republic
2007,1.0385001673920322,SYR,Syrian Arab Republic
2008,1.0402767247915088,SYR,Syrian Arab Republic
2009,1.074040302726361,SYR,Syrian Arab Republic
2010,1.067167236710845,SYR,Syrian Arab Republic
2011,1.1547918826840469,SYR,Syrian Arab Republic
1995,0.9050571722879849,THA,Thailand
1996,0.9050571722879849,THA,Thailand
1997,0.9050571722879849,THA,Thailand
1998,0.9050571722879849,THA,Thailand
1999,0.9050571722879849,THA,Thailand
2000,0.9050571722879849,THA,Thailand
2001,0.9050571722879849,THA,Thailand
2002,0.891012257518843,THA,Thailand
2003,0.8924919224384857,THA,Thailand
2004,0.9066163572982814,THA,Thailand
2005,0.9134977685282437,THA,Thailand
2006,0.9380034739859902,THA,Thailand
2007,0.9381977676246646,THA,Thailand
2008,0.9562209117499203,THA,Thailand
2009,0.964674023792165,THA,Thailand
2010,0.9660852393748531,THA,Thailand
2011,0.965049390177448,THA,Thailand
1995,1.0173410404624277,TLS,Timor-Leste
1996,1.0173410404624277,TLS,Timor-Leste
1997,1.0173410404624277,TLS,Timor-Leste
1998,1.0173410404624277,TLS,Timor-Leste
1999,1.0173410404624277,TLS,Timor-Leste
2000,1.0173410404624277,TLS,Timor-Leste
2001,1.0173410404624277,TLS,Timor-Leste
2002,1.0173410404624277,TLS,Timor-Leste
2003,1.0173410404624277,TLS,Timor-Leste
2004,1.0173410404624277,TLS,Timor-Leste
2005,1.0173410404624277,TLS,Timor-Leste
2006,1.0173410404624277,TLS,Timor-Leste
2007,1.0173410404624277,TLS,Timor-Leste
2008,1.0173410404624277,TLS,Timor-Leste
2009,1.0173410404624277,TLS,Timor-Leste
2010,1.0173410404624277,TLS,Timor-Leste
2011,1.0173410404624277,TLS,Timor-Leste
1995,0.9857266748572668,TUR,Turkey
1996,0.9857266748572668,TUR,Turkey
1997,0.9857266748572668,TUR,Turkey
1998,0.9857266748572668,TUR,Turkey
1999,0.9857266748572668,TUR,Turkey
2000,0.9857266748572668,TUR,Turkey
2001,0.9857266748572668,TUR,Turkey
2002,0.9857266748572668,TUR,Turkey
2003,0.9857266748572668,TUR,Turkey
2004,0.9857266748572668,TUR,Turkey
2005,0.9857266748572668,TUR,Turkey
2006,0.9857266748572668,TUR,Turkey
2007,0.9857266748572668,TUR,Turkey
2008,0.9857266748572668,TUR,Turkey
2009,0.9857266748572668,TUR,Turkey
2010,1.0057353272315455,TUR,Turkey
2011,1.0057353272315455,TUR,Turkey
1995,0.673469387755102,UKR,Ukraine
1996,0.6826347305389222,UKR,Ukraine
1997,0.7252747252747253,UKR,Ukraine
1998,0.7443181818181818,UKR,Ukraine
1999,0.7233009708737864,UKR,Ukraine
2000,0.7100371747211895,UKR,Ukraine
2001,0.6975476839237057,UKR,Ukraine
2002,0.6935123042505593,UKR,Ukraine
2003,0.6865942028985508,UKR,Ukraine
2004,0.685997171145686,UKR,Ukraine
2005,0.7082896117523609,UKR,Ukraine
2006,0.727796052631579,UKR,Ukraine
2007,0.7287705956907478,UKR,Ukraine
2008,0.7524038461538461,UKR,Ukraine
2009,0.771744132535665,UKR,Ukraine
2010,0.7777777777777778,UKR,Ukraine
2011,0.7485996705107084,UKR,Ukraine
1995,0.5677395791331381,GBR,United Kingdom
1996,0.5677395791331381,GBR,United Kingdom
1997,0.5677395791331381,GBR,United Kingdom
1998,0.5646209386281589,GBR,United Kingdom
1999,0.5731245263955544,GBR,United Kingdom
2000,0.5721006298422031,GBR,United Kingdom
2001,0.5751951303323353,GBR,United Kingdom
2002,0.5757996697956568,GBR,United Kingdom
2003,0.5838279472007283,GBR,United Kingdom
2004,0.6000412809663336,GBR,United Kingdom
2005,0.6086864770044448,GBR,United Kingdom
2006,0.6113766953045937,GBR,United Kingdom
2007,0.6156448814343551,GBR,United Kingdom
2008,0.6142501383508577,GBR,United Kingdom
2009,0.6280955494563578,GBR,United Kingdom
2010,0.633143866745708,GBR,United Kingdom
2011,0.6379619731952318,GBR,United Kingdom
1995,0.6898897240243719,URY,Uruguay
1996,0.6898897240243719,URY,Uruguay
1997,0.6898897240243719,URY,Uruguay
1998,0.6898897240243719,URY,Uruguay
1999,0.6898897240243719,URY,Uruguay
2000,0.6898897240243719,URY,Uruguay
2001,0.714569539909266,URY,Uruguay
2002,0.7077548500904609,URY,Uruguay
2003,0.732895145561853,URY,Uruguay
2004,0.7065619706823362,URY,Uruguay
2005,0.7431945697019423,URY,Uruguay
2006,0.7343478219362477,URY,Uruguay
2007,0.7483620095781148,URY,Uruguay
2008,0.7084603928276513,URY,Uruguay
2009,0.7137909896929368,URY,Uruguay
2010,0.7407881006809779,URY,Uruguay
2011,0.7519660771977554,URY,Uruguay
1995,0.9165548811947131,VEN,"Venezuela, RB"
1996,0.8861880395404346,VEN,"Venezuela, RB"
1997,0.9051674558217586,VEN,"Venezuela, RB"
1998,0.9018931731030526,VEN,"Venezuela, RB"
1999,0.922096092085599,VEN,"Venezuela, RB"
2000,0.9302479436769919,VEN,"Venezuela, RB"
2001,0.9569142740369878,VEN,"Venezuela, RB"
2002,0.9619588595378592,VEN,"Venezuela, RB"
2003,0.9106749474955204,VEN,"Venezuela, RB"
2004,0.9224744002146104,VEN,"Venezuela, RB"
2005,0.9313082429000231,VEN,"Venezuela, RB"
2006,0.9164635512971367,VEN,"Venezuela, RB"
2007,0.922942193376198,VEN,"Venezuela, RB"
2008,0.9057689679841167,VEN,"Venezuela, RB"
2009,0.943517423226122,VEN,"Venezuela, RB"
2010,0.9412960399068702,VEN,"Venezuela, RB"
2011,0.9412960399068702,VEN,"Venezuela, RB"
1995,0.8743169398907104,VNM,Vietnam
1996,0.8743169398907104,VNM,Vietnam
1997,0.8743169398907104,VNM,Vietnam
1998,0.8743169398907104,VNM,Vietnam
1999,0.8743169398907104,VNM,Vietnam
2000,0.8743169398907104,VNM,Vietnam
2001,0.8743169398907104,VNM,Vietnam
2002,0.8743169398907104,VNM,Vietnam
2003,0.8743169398907104,VNM,Vietnam
2004,0.8743169398907104,VNM,Vietnam
2005,0.8743169398907104,VNM,Vietnam
2006,0.8743169398907104,VNM,Vietnam
2007,0.8743169398907104,VNM,Vietnam
2008,0.8743169398907104,VNM,Vietnam
2009,0.8489461358313818,VNM,Vietnam
2010,0.860944527736132,VNM,Vietnam
2011,0.860944527736132,VNM,Vietnam
1995,0.7677486315841499,ACE,ACE
1996,0.7677486315841499,ACE,ACE
1997,0.7677486315841499,ACE,ACE
1998,0.7677486315841499,ACE,ACE
1999,0.7677486315841499,ACE,ACE
2000,0.7677486315841499,ACE,ACE
2001,0.7677486315841499,ACE,ACE
2002,0.7677486315841499,ACE,ACE
2003,0.7677486315841499,ACE,ACE
2004,0.7677486315841499,ACE,ACE
2005,0.7677486315841499,ACE,ACE
2006,0.7677486315841499,ACE,ACE
2007,0.7677486315841499,ACE,ACE
2008,0.7677486315841499,ACE,ACE
2009,0.7677486315841499,ACE,ACE
2010,0.7677486315841499,ACE,ACE
2011,0.7677486315841499,ACE,ACE
1995,0.728417412925659,AME,AME
1996,0.7608421803907575,AME,AME
1997,0.778406934691296,AME,AME
1998,0.8041142916390582,AME,AME
1999,0.806728317540054,AME,AME
2000,0.806728317540054,AME,AME
2001,0.8210409906789651,AME,AME
2002,0.8214936808178399,AME,AME
2003,0.80532611880287,AME,AME
2004,0.8251266097525684,AME,AME
2005,0.808511452084834,AME,AME
2006,0.81735353193137,AME,AME
2007,0.8128339669111742,AME,AME
2008,0.8022941192125831,AME,AME
2009,0.8776601661774899,AME,AME
2010,0.8776601661774899,AME,AME
2011,0.8776601661774899,AME,AME
1995,0.7641509433962265,ECM,ECM
1996,0.7641509433962265,ECM,ECM
1997,0.7641509433962265,ECM,ECM
1998,0.7641509433962265,ECM,ECM
1999,0.7641509433962265,ECM,ECM
2000,0.7641509433962265,ECM,ECM
2001,0.7641509433962265,ECM,ECM
2002,0.7641509433962265,ECM,ECM
2003,0.7641509433962265,ECM,ECM
2004,0.7641509433962265,ECM,ECM
2005,0.7641509433962265,ECM,ECM
2006,0.7641509433962265,ECM,ECM
2007,0.7641509433962265,ECM,ECM
2008,0.7641509433962265,ECM,ECM
2009,0.7641509433962265,ECM,ECM
2010,0.7641509433962265,ECM,ECM
2011,0.7641509433962265,ECM,ECM
1995,0.6460343196865288,LCM,LCM
1996,0.7281613724539282,LCM,LCM
1997,0.6974394133603601,LCM,LCM
1998,0.7327989408090722,LCM,LCM
1999,0.7601398706799101,LCM,LCM
2000,0.7601398706799101,LCM,LCM
2001,0.7467957713537281,LCM,LCM
2002,0.7192421748912793,LCM,LCM
2003,0.7652551626682083,LCM,LCM
2004,0.7034180427832164,LCM,LCM
2005,0.7101557488247852,LCM,LCM
2006,0.7163761640004093,LCM,LCM
2007,0.6816132231404959,LCM,LCM
2008,0.7173642503855767,LCM,LCM
2009,0.943517423226122,LCM,LCM
2010,0.943517423226122,LCM,LCM
2011,0.943517423226122,LCM,LCM
1995,0.7771115718765529,ECE,ECE
1996,0.7771115718765529,ECE,ECE
1997,0.7771115718765529,ECE,ECE
1998,0.7771115718765529,ECE,ECE
1999,0.7771115718765529,ECE,ECE
2000,0.7771115718765529,ECE,ECE
2001,0.7771115718765529,ECE,ECE
2002,0.7771115718765529,ECE,ECE
2003,0.7771115718765529,ECE,ECE
2004,0.7771115718765529,ECE,ECE
2005,0.7771115718765529,ECE,ECE
2006,0.7771115718765529,ECE,ECE
2007,0.7771115718765529,ECE,ECE
2008,0.7771115718765529,ECE,ECE
2009,0.7771115718765529,ECE,ECE
2010,0.7771115718765529,ECE,ECE
2011,0.7771115718765529,ECE,ECE
1995,0.7681878938323468,LCE,LCE
1996,0.7851366288631993,LCE,LCE
1997,0.7856838619211018,LCE,LCE
1998,0.8028114047080465,LCE,LCE
1999,0.8345379824104388,LCE,LCE
2000,0.8345379824104388,LCE,LCE
2001,0.7918422922093298,LCE,LCE
2002,0.9168311380923312,LCE,LCE
2003,0.8458873293092237,LCE,LCE
2004,0.8509834260261837,LCE,LCE
2005,0.866668239951913,LCE,LCE
2006,0.8534086376787623,LCE,LCE
2007,0.8807346619773349,LCE,LCE
2008,0.8539860757011178,LCE,LCE
2009,0.8802829231555189,LCE,LCE
2010,0.8802829231555189,LCE,LCE
2011,0.8802829231555189,LCE,LCE
1995,0.7143182854537163,USA,United States
1996,0.7376146788990826,USA,United States
1997,0.7416685305300827,USA,United States
1998,0.7317494600431965,USA,United States
1999,0.7232219365895458,USA,United States
2000,0.7371267849415837,USA,United States
2001,0.763266190166775,USA,United States
2002,0.7661255873558308,USA,United States
2003,0.7556120288013554,USA,United States
2004,0.7656622588337307,USA,United States
2005,0.7697746354396818,USA,United States
2006,0.7692651329014966,USA,United States
2007,0.7781364321067356,USA,United States
2008,0.7710371819960861,USA,United States
2009,0.7697719036452781,USA,United States
2010,0.7691652470187393,USA,United States
2011,0.7701048951048951,USA,United States
2012,0.7650261324041812,USA,United States
2013,0.7826751036439014,USA,United States
2013,0.7754745799694523,USA,United States
2013,0.7828459188127456,USA,United States
2013,0.7756438236577914,USA,United States
2014,0.7862965410883455,USA,United States
2015,0.795656894679696,USA,United States
2016,0.8045801526717558,USA,United States
2017,0.8049426301853486,USA,United States
2017,0.8172992056487202,USA,United States
2017,0.8042328042328042,USA,United States
2017,0.8165784832451499,USA,United States
2018,0.8156043487529312,USA,United States
2019,0.8233082706766918,USA,United States
